Tỉnh/Thành,Đường,Đoạn
THÀNH PHỐ BIÊN HÒA ,Đường 30 Tháng 4,Đoạn từ đường Cách Mạng Tháng 8 đến ngã năm Biên Hùng (giáp đường Hưng Đạo Vương)
THÀNH PHỐ BIÊN HÒA ,Đường 30 Tháng 4,Đoạn từ ngã năm Biên Hùng đến Vườn Mít (giáp đường Hưng Đạo Vương đến đường Phạm Văn Thuận)
THÀNH PHỐ BIÊN HÒA ,Đường Cách Mạng Tháng 8,Đoạn từ ngã ba Mũi Tàu (giáp đường Hà Huy Giáp) đến đường Nguyễn Văn Trị
THÀNH PHỐ BIÊN HÒA ,Đường Cách Mạng Tháng 8,Đoạn từ đường Nguyễn Văn Trị đến đường Phan Chu Trinh
THÀNH PHỐ BIÊN HÒA ,Đường Cách Mạng Tháng 8,Đoạn từ đường Phan Chu Trinh đến đường Nguyễn Ái Quốc
THÀNH PHỐ BIÊN HÒA ,Đường Hưng Đạo Vương,Đoạn từ đường Phan Đình Phùng đến ngã năm Biên Hùng
THÀNH PHỐ BIÊN HÒA ,Đường Hưng Đạo Vương,Đoạn từ ngã năm Biên Hùng đến Ga Biên Hòa
THÀNH PHỐ BIÊN HÒA ,Đường Lữ Mành,Đoạn 1: Từ đường Cách Mạng Tháng 8 (đường bên hông Trường Mầm non Thanh Bình) đến đường Cách Mạng Tháng 8 (đường bên hông Chi cục Thuế Biên Hòa)
THÀNH PHỐ BIÊN HÒA ,Đường Lữ Mành,Đoạn 2: Từ đường Trần Minh Trí đến giáp đoạn 1
THÀNH PHỐ BIÊN HÒA ,Đường Nguyễn Trãi,Đoạn từ đường Cách Mạng Tháng 8 đến đường Nguyễn Thị Hiền
THÀNH PHỐ BIÊN HÒA ,Đường Nguyễn Trãi,Đoạn từ đường Nguyễn Thị Hiền đến đường Nguyễn Văn Trị
THÀNH PHỐ BIÊN HÒA ,Đường Nguyễn Văn Trị,Đoạn từ Cách Mạng Tháng 8 đến hết Sở Giáo dục và Đào tạo
THÀNH PHỐ BIÊN HÒA ,Đường Nguyễn Văn Trị,Đoạn tiếp theo đến đường Phan Chu Trinh
THÀNH PHỐ BIÊN HÒA ,Đường Nguyễn Văn Trị,Đoạn từ đường Phan Chu Trinh đến đường Nguyễn Ái Quốc
THÀNH PHỐ BIÊN HÒA ,Đường Phan Chu Trinh,Đoạn từ đường Nguyễn Văn Trị đến đường Cách Mạng Tháng 8
THÀNH PHỐ BIÊN HÒA ,Đường Phan Chu Trinh,Đoạn từ đường Cách Mạng Tháng 8 đến đường Phan Đình Phùng
THÀNH PHỐ BIÊN HÒA ,Đường Quang Trung,Đoạn từ đường Cách Mạng Tháng 8 đến đường Phan Chu Trinh
THÀNH PHỐ BIÊN HÒA ,Đường Quang Trung,Đoạn từ Phan Chu Trinh đến đường Lê Thánh Tôn
THÀNH PHỐ BIÊN HÒA ,Đường Nguyễn Ái Quốc,Đoạn từ giáp ranh tỉnh Bình Dương đến cầu Hóa An
THÀNH PHỐ BIÊN HÒA ,Đường Nguyễn Ái Quốc,Đoạn từ cầu Hóa An đến giáp Trung tâm Hội nghị và Tổ chức sự kiện tỉnh Đồng Nai
THÀNH PHỐ BIÊN HÒA ,Đường Nguyễn Ái Quốc,Đoạn từ Trung tâm Hội nghị và Tổ chức sự kiện tỉnh Đồng Nai đến ngã 4 Tân Phong
THÀNH PHỐ BIÊN HÒA ,Đường Nguyễn Ái Quốc,Đoạn từ ngã 4 Tân Phong đến Công viên 30 tháng 4 (bên trái: Hẻm đền Thánh Hiếu; bên phải: Hẻm chợ nhỏ khu phố 4)
THÀNH PHỐ BIÊN HÒA ,Đường Nguyễn Văn Hoa,Đoạn từ đường Phạm Văn Thuận đến hết UBND phường Thống Nhất
THÀNH PHỐ BIÊN HÒA ,Đường Nguyễn Văn Hoa,Đoạn từ UBND phường Thống Nhất đến đường Võ Thị Sáu
THÀNH PHỐ BIÊN HÒA ,Đường Võ Thị Sáu,Đoạn từ đường Cách Mạng Tháng 8 đến đường Hà Huy Giáp
THÀNH PHỐ BIÊN HÒA ,Đường Võ Thị Sáu,Đoạn từ đường Hà Huy Giáp đến đường Phạm Văn Thuận
THÀNH PHỐ BIÊN HÒA ,Đường Hà Huy Giáp,Đoạn từ cầu Rạch Cát đến đường Võ Thị Sáu
THÀNH PHỐ BIÊN HÒA ,Đường Hà Huy Giáp,Đoạn từ đường Võ Thị Sáu đến ngã năm Biên Hùng (giáp đường Hưng Đạo Vương)
THÀNH PHỐ BIÊN HÒA ,Đường Đồng Khởi,Đoạn từ Xa lộ Hà Nội đến đường Phạm Văn Khoai
THÀNH PHỐ BIÊN HÒA ,Đường Đồng Khởi,Đoạn từ đường Phạm Văn Khoai đến cầu Đồng Khởi
THÀNH PHỐ BIÊN HÒA ,Đường Đồng Khởi,Đoạn từ cầu Đồng Khởi đến đường Nguyễn Văn Tiên
THÀNH PHỐ BIÊN HÒA ,Đường Đồng Khởi,Đoạn từ đường Nguyễn Văn Tiên đến giáp đường vào Công ty Trấn Biên
THÀNH PHỐ BIÊN HÒA ,Đường Đồng Khởi,Đoạn từ đường vào Công ty Trấn Biên đến giáp ranh huyện Vĩnh Cửu
THÀNH PHỐ BIÊN HÒA ,"Đường từ Xa lộ Hà Nội đến Sân vận động Đồng Nai (từ Xa lộ Hà Nội qua Cô nhi viện, qua KDC Đinh Thuận, Trường Đinh Tiên Hoàng)",Đoạn từ Xa lộ Hà Nội đến Trường Đinh Tiên Hoàng
THÀNH PHỐ BIÊN HÒA ,"Đường từ Xa lộ Hà Nội đến Sân vận động Đồng Nai (từ Xa lộ Hà Nội qua Cô nhi viện, qua KDC Đinh Thuận, Trường Đinh Tiên Hoàng)",Đoạn từ Trường Đinh Tiên Hoàng đến Sân vận động Đồng Nai
THÀNH PHỐ BIÊN HÒA ,Đường Lương Văn Nho,Đoạn từ đường Nguyễn Ái Quốc đến đường vào cư xá Tỉnh đội
THÀNH PHỐ BIÊN HÒA ,Đường Lương Văn Nho,Đoạn từ đường vào cư xá Tỉnh đội đến ngã rẽ giáp đường Hồ Hòa
THÀNH PHỐ BIÊN HÒA ,Đường Nguyễn Văn Tiên,Đoạn từ đường Đồng Khởi đến hết ranh khu dân cư Hốc Bà Thức
THÀNH PHỐ BIÊN HÒA ,Đường Nguyễn Văn Tiên,Đoạn từ khu dân cư Hốc Bà Thức đến ranh tường rào sân bay
THÀNH PHỐ BIÊN HÒA ,Đường Bùi Trọng Nghĩa,Đoạn từ đường Đồng Khởi đến ngã 3 cây xăng khu phố 3 - phường Trảng Dài
THÀNH PHỐ BIÊN HÒA ,Đường Bùi Trọng Nghĩa,Đoạn từ ngã ba cây xăng khu phố 3 đến Trường Tiểu học Trảng Dài
THÀNH PHỐ BIÊN HÒA ,Đường Nguyễn Khuyến (từ ĐT 768B đến ngã tư Phú Thọ),Đoạn từ ĐT 768B qua Trường Tiểu học Trảng Dài đến đường Trần Văn Xã (ngã tư Trường Nguyễn Khuyến)
THÀNH PHỐ BIÊN HÒA ,Đường Nguyễn Khuyến (từ ĐT 768B đến ngã tư Phú Thọ),Đoạn từ đường Trần Văn Xã  (ngã tư Trường Nguyễn Khuyến) đến ngã tư Phú Thọ
THÀNH PHỐ BIÊN HÒA ,Đường Nguyễn Phúc Chu (đường từ cầu Săn Máu đến đường Trần Văn Xã),Trong phạm vi bán kính 200 mét khu vực ngã tư Phú Thọ và chợ nhỏ Trảng Dài (giáp đường Trần Văn Xã)
THÀNH PHỐ BIÊN HÒA ,Đường Nguyễn Phúc Chu (đường từ cầu Săn Máu đến đường Trần Văn Xã),Đoạn còn lại
THÀNH PHỐ BIÊN HÒA ,Đường nối tiếp từ đường Trần Văn Xã qua Văn phòng KP4 phường Trảng Dài đến đường Nguyễn Thái Học,"Đoạn từ đường Trần Văn Xã đến ngã ba Tư Lô (đầu hẻm 1, tổ 17 phường Trảng Dài)"
THÀNH PHỐ BIÊN HÒA ,Đường nối tiếp từ đường Trần Văn Xã qua Văn phòng KP4 phường Trảng Dài đến đường Nguyễn Thái Học,Đoạn còn lại
THÀNH PHỐ BIÊN HÒA ,Đường Thân Nhân Trung,Đoạn từ đường Nguyễn Ái Quốc đến suối Săn Máu
THÀNH PHỐ BIÊN HÒA ,Đường Thân Nhân Trung,Đoạn từ suối Săn Máu đến đường Nguyễn Thái Học
THÀNH PHỐ BIÊN HÒA ,Xa lộ Hà Nội,Đoạn từ hẻm bên hông Giáo xứ Hà Nội (bên phải); hẻm chợ nhỏ khu phố 4 (bên trái) đến cầu Sập
THÀNH PHỐ BIÊN HÒA ,Xa lộ Hà Nội,Đoạn từ cầu Sập đến vòng xoay Tam Hiệp
THÀNH PHỐ BIÊN HÒA ,Xa lộ Hà Nội,Đoạn từ vòng xoay Tam Hiệp đến hết ranh giới tỉnh Đồng Nai
THÀNH PHỐ BIÊN HÒA ,Quốc lộ 1,Đoạn từ hẻm bên hông Giáo xứ Hà Nội (bên phải); hẻm đền Thánh Hiếu (bên trái) đến đường Phùng Khắc Khoan
THÀNH PHỐ BIÊN HÒA ,Quốc lộ 1,Đoạn từ đường Phùng Khắc Khoan đến hết chợ Thái Bình
THÀNH PHỐ BIÊN HÒA ,Quốc lộ 1,Đoạn từ chợ Thái Bình đến ranh giới huyện Trảng Bom
THÀNH PHỐ BIÊN HÒA ,Đường Hoàng Văn Bổn (đường vào Nhà máy nước Thiện Tân cũ),Đoạn từ Quốc lộ 1 đến đường Nguyễn Trường Tộ
THÀNH PHỐ BIÊN HÒA ,Đường Hoàng Văn Bổn (đường vào Nhà máy nước Thiện Tân cũ),Đoạn từ đường Nguyễn Trường Tộ đến giáp ranh Nhà máy nước Thiện Tân
THÀNH PHỐ BIÊN HÒA ,Đường Hoàng Văn Bổn (đường vào Nhà máy nước Thiện Tân cũ),Đoạn tiếp theo đến hết ranh giới phường Tân Hòa (ranh giới giữa phường Tân Hòa với xã Thiện Tân)
THÀNH PHỐ BIÊN HÒA ,Đường Hoàng Văn Bổn (đường vào Nhà máy nước Thiện Tân cũ),Đoạn tiếp theo đến hết ranh giới thành phố Biên Hòa
THÀNH PHỐ BIÊN HÒA ,Đường Lê Ngô Cát,Đoạn từ Quốc lộ 1 đến hết hẻm vào Trường THCS Nguyễn Công Trứ
THÀNH PHỐ BIÊN HÒA ,Đường Lê Ngô Cát,Đoạn từ hẻm vào Trường THCS Nguyễn Công Trứ đến hết Dòng nữ trợ thế Thánh Tâm
THÀNH PHỐ BIÊN HÒA ,Đường Lê Ngô Cát,Đoạn từ Dòng nữ trợ thế Thánh Tâm đến hết ranh giới phường Tân Hòa
THÀNH PHỐ BIÊN HÒA ,Đường Huỳnh Văn Nghệ,Đoạn từ đường Nguyễn Ái Quốc đến đường Nguyễn Bỉnh Khiêm
THÀNH PHỐ BIÊN HÒA ,Đường Huỳnh Văn Nghệ,Đoạn từ đường Nguyễn Bỉnh Khiêm đến đường Ngô Thì Nhậm
THÀNH PHỐ BIÊN HÒA ,Đường Huỳnh Văn Nghệ,Đoạn từ đường Ngô Thì Nhậm đến đường Võ Trường Toản
THÀNH PHỐ BIÊN HÒA ,Đường Huỳnh Văn Nghệ,Đoạn từ đường Võ Trường Toản đến đường ngã ba Gạc Nai
THÀNH PHỐ BIÊN HÒA ,Đường Huỳnh Văn Nghệ,Đoạn từ ngã ba Gạc Nai đến giáp ranh huyện Vĩnh Cửu
THÀNH PHỐ BIÊN HÒA ,Đường Bùi Hữu Nghĩa (đường tỉnh 16 cũ),Đoạn từ giáp ranh giới tỉnh Bình Dương đến đường Nguyễn Tri Phương
THÀNH PHỐ BIÊN HÒA ,Đường Bùi Hữu Nghĩa (đường tỉnh 16 cũ),Đoạn từ Nguyễn Tri Phương đến đường đi vào Công an phường Bửu Hòa
THÀNH PHỐ BIÊN HÒA ,Đường Bùi Hữu Nghĩa (đường tỉnh 16 cũ),Đoạn từ Công an phường Bửu Hòa đến đường Nguyễn Thị Tồn (giáp ranh giới phường Hóa An)
THÀNH PHỐ BIÊN HÒA ,Đường Bùi Hữu Nghĩa (đường tỉnh 16 cũ),Đoạn từ đường Nguyễn Thị Tồn đến đường Huỳnh Mẫn Đạt
THÀNH PHỐ BIÊN HÒA ,Đường Bùi Hữu Nghĩa (đường tỉnh 16 cũ),Đoạn từ đường Huỳnh Mẫn Đạt đến cầu Rạch Sỏi
THÀNH PHỐ BIÊN HÒA ,Đường Bùi Hữu Nghĩa (đường tỉnh 16 cũ),Đoạn từ cầu Rạch Sỏi đến cầu Ông Tiếp
THÀNH PHỐ BIÊN HÒA ,Đường Nguyễn Tri Phương,Đoạn từ cầu Rạch Cát đến cầu Ghềnh
THÀNH PHỐ BIÊN HÒA ,Đường Nguyễn Tri Phương,Đoạn từ cầu Ghềnh đến đường Nguyễn Ái Quốc
THÀNH PHỐ BIÊN HÒA ,Đường Hoàng Minh Chánh,Đoạn từ đường Nguyễn Ái Quốc đến đường Bùi Hữu Nghĩa (đường Hoàng Minh Chánh cũ)
THÀNH PHỐ BIÊN HÒA ,Đường Hoàng Minh Chánh,Đoạn từ đường Nguyễn Ái Quốc đến nghĩa trang Sùng Chính Phước Kiến (dự án đường Hoàng Minh Chánh nối dài)
THÀNH PHỐ BIÊN HÒA ,Đường Đặng Đại Độ,"Đoạn từ đường Nguyễn Tri Phương đến hết thửa đất số 56, tờ bản đồ số 60 (chiều dài 630 m giáp bờ sông)"
THÀNH PHỐ BIÊN HÒA ,Đường Đặng Đại Độ,"Đoạn từ thửa đất số 56, tờ bản đồ số 60 đến đường Đặng Văn Trơn"
THÀNH PHỐ BIÊN HÒA ,Đường Đỗ Văn Thi,Đoạn từ đường Nguyễn Tri Phương đến hết cây xăng An Thái An
THÀNH PHỐ BIÊN HÒA ,Đường Đỗ Văn Thi,Đoạn từ cây xăng An Thái An đến hết đường
THÀNH PHỐ BIÊN HÒA ,Đường Đặng Văn Trơn,Đoạn từ đường Đỗ Văn Thi đến đường rẽ lên cầu Bửu Hòa
THÀNH PHỐ BIÊN HÒA ,Đường Đặng Văn Trơn,Đoạn tiếp theo tới sông Cái
THÀNH PHỐ BIÊN HÒA ,Đường Đoàn Văn Cự,Đoạn từ Phạm Văn Thuận đến Công ty VMEP
THÀNH PHỐ BIÊN HÒA ,Đường Đoàn Văn Cự,Đoạn từ Công ty VMEP đến ranh Bệnh viện Đa khoa Đồng Nai
THÀNH PHỐ BIÊN HÒA ,Đường Trần Quốc Toản,Đoạn từ đường Phạm Văn Thuận đến đường Vũ Hồng Phô
THÀNH PHỐ BIÊN HÒA ,Đường Trần Quốc Toản,Đoạn từ đường Vũ Hồng Phô đến cầu Ông Gia
THÀNH PHỐ BIÊN HÒA ,Đường Trần Quốc Toản,Đoạn từ cầu Ông Gia đến đường 11 KCN Biên Hòa 1
THÀNH PHỐ BIÊN HÒA ,Quốc lộ 51,Đoạn từ ngã ba Vũng Tàu đến đường Nguyễn Thiện Thuật
THÀNH PHỐ BIÊN HÒA ,Quốc lộ 51,Đoạn từ Nguyễn Thiện Thuật đến mũi tàu tiếp giáp đường Võ Nguyên Giáp
THÀNH PHỐ BIÊN HÒA ,Quốc lộ 51,Đoạn từ mũi tàu tiếp giáp đường Võ Nguyên Giáp đến đường Nguyễn Trung Trực
THÀNH PHỐ BIÊN HÒA ,Quốc lộ 51,Đoạn từ đường Nguyễn Trung Trực đến cầu Sông Buông
THÀNH PHỐ BIÊN HÒA ,Quốc lộ 51,Đoạn từ cầu Sông Buông đến hết ranh giới phường Phước Tân
THÀNH PHỐ BIÊN HÒA ,Quốc lộ 51,Đoạn từ ranh giới phường Phước Tân đến đường Hàm Nghi
THÀNH PHỐ BIÊN HÒA ,Quốc lộ 51,Đoạn từ đường Hàm Nghi đến giáp Trung tâm Huấn luyện chó nghiệp vụ Quân Khuyển
THÀNH PHỐ BIÊN HÒA ,Quốc lộ 51,Đoạn từ Trung tâm Huấn luyện chó nghiệp vụ Quân Khuyển đến ranh giới phường Tam Phước và xã An Phước
THÀNH PHỐ BIÊN HÒA ,Đường Võ Nguyên Giáp,Đoạn từ Quốc lộ 51 đến đầu cầu số 3
THÀNH PHỐ BIÊN HÒA ,Đường Võ Nguyên Giáp,Đoạn từ đầu cầu số 3 đến đường Chu Mạnh Trinh
THÀNH PHỐ BIÊN HÒA ,Đường Võ Nguyên Giáp,Đoạn đường Chu Mạnh Trinh đến hết ranh giới phường Phước Tân
THÀNH PHỐ BIÊN HÒA ,Đường Nguyễn Văn Tỏ ,Đoạn từ Quốc lộ 51 đến đến giáp phường An Hòa
THÀNH PHỐ BIÊN HÒA ,Đường Nguyễn Văn Tỏ ,Đoạn qua phường An Hòa
THÀNH PHỐ BIÊN HÒA ,Đường Nguyễn Trung Trực,Đoạn từ Quốc lộ 51 đến Nhà văn hóa ấp 4 phường An Hòa
THÀNH PHỐ BIÊN HÒA ,Đường Nguyễn Trung Trực,Đoạn còn lại đến hết đường nhựa
THÀNH PHỐ BIÊN HÒA ,Đường Đinh Quang Ân (đường Tân Cang cũ),Đoạn từ Quốc lộ 51 đến Chùa Viên Thông
THÀNH PHỐ BIÊN HÒA ,Đường Đinh Quang Ân (đường Tân Cang cũ),Đoạn từ Chùa Viên Thông đến đường Võ Nguyên Giáp
THÀNH PHỐ BIÊN HÒA ,Đường Nguyễn Khắc Hiếu,Đoạn từ đường Phùng Hưng đến ngã 3
THÀNH PHỐ BIÊN HÒA ,Đường Nguyễn Khắc Hiếu,Đoạn còn lại
THÀNH PHỐ BIÊN HÒA ,Hương lộ 2 ,Đoạn từ cầu Sắt đến cầu Cây Ngã
THÀNH PHỐ BIÊN HÒA ,Hương lộ 2 ,Đoạn từ cầu Cây Ngã đến cầu Vấp
THÀNH PHỐ BIÊN HÒA ,Hương lộ 2 ,Đoạn còn lại
THÀNH PHỐ BIÊN HÒA ,"Đường từ Xa lộ Hà Nội đến Sân vận động Đồng Nai (từ Xa lộ Hà Nội qua Cô Nhi Viện, qua KDC Đinh Thuận, trường Đinh Tiên Hoàng)",Đoạn từ từ Xa lộ Hà Nội đến trường Đinh Tiên Hoàng
THÀNH PHỐ BIÊN HÒA ,"Đường từ Xa lộ Hà Nội đến Sân vận động Đồng Nai (từ Xa lộ Hà Nội qua Cô Nhi Viện, qua KDC Đinh Thuận, trường Đinh Tiên Hoàng)",Đoạn từ trường Đinh Tiên Hoàng đến Sân vận động
THÀNH PHỐ BIÊN HÒA ,Đường Nguyễn Văn Tiên,Đoạn tư đường Đồng Khởi đến hết ranh khu dân cư Hốc Bà Thức
THÀNH PHỐ BIÊN HÒA ,Đường Lê Ngô Cát,Đoạn từ Quốc lộ 1 đến hết hẻm vào Trường THPT Nguyễn Công Trứ
THÀNH PHỐ BIÊN HÒA ,Đường Lê Ngô Cát,Đoạn từ hẻm vào Trường THPT Nguyễn Công Trứ đến hết Dòng nữ trợ thế Thánh Tâm
THÀNH PHỐ BIÊN HÒA ,Đường Hoàng Minh Chánh,Đoạn từ Nguyễn Ái Quốc đến đường Bùi Hữu Nghĩa (đường Hoàng Minh Chánh cũ)
THÀNH PHỐ BIÊN HÒA ,Đường Đặng Đại Độ,"Đoạn từ đường Nguyễn Tri Phương đến hết thửa đất số 56, tờ bản đồ số 60 (chiều dài 630m giáp bờ sông)"
THÀNH PHỐ BIÊN HÒA ,Đường Nguyễn Trung Trực,Đoạn từ Quốc lộ 51 đến Nhà văn hóa ấp 4
THÀNH PHỐ LONG KHÁNH ,Đường Nguyễn Thị Minh Khai (gồm 1 đoạn đường Quang Trung và đường Cách Mạng Tháng 8),Đoạn từ đường Nguyễn Trãi đến đường Cách Mạng Tháng Tám
THÀNH PHỐ LONG KHÁNH ,Đường Nguyễn Thị Minh Khai (gồm 1 đoạn đường Quang Trung và đường Cách Mạng Tháng 8),Đoạn từ đường Cách Mạng Tháng 8 đến giáp đường Hồ Thị Hương
THÀNH PHỐ LONG KHÁNH ,Đường Hồng Thập Tự,Đoạn từ đường Xuân Bình - Xuân Lập đến giáp đường 21 Tháng 4
THÀNH PHỐ LONG KHÁNH ,Đường Hồng Thập Tự,Đoạn từ đường 21 Tháng 4 đến giáp đường Hùng Vương
THÀNH PHỐ LONG KHÁNH ,Đường Hồng Thập Tự,Đoạn từ đường Hùng Vương đến giáp đường Hồ Thị Hương
THÀNH PHỐ LONG KHÁNH ,Đường Hùng Vương,Đoạn từ đường 21 Tháng 4 đến đường Cách Mạng Tháng 8
THÀNH PHỐ LONG KHÁNH ,Đường Hùng Vương,Đoạn từ đường Cách Mạng Tháng 8 đến đường Lý Thái Tổ
THÀNH PHỐ LONG KHÁNH ,Đường Hồ Thị Hương,Đoạn từ đường Lê A đến đường Khổng Tử
THÀNH PHỐ LONG KHÁNH ,Đường Hồ Thị Hương,Đoạn từ đường Khổng Tử đến giáp đường Nguyễn Thị Minh Khai
THÀNH PHỐ LONG KHÁNH ,Đường Hồ Thị Hương,Đoạn từ đường Nguyễn Thị Minh Khai đến giáp cầu Xuân Thanh
THÀNH PHỐ LONG KHÁNH ,Đường Hồ Thị Hương,Đoạn từ cầu Xuân Thanh đến giáp ranh huyện Xuân Lộc
THÀNH PHỐ LONG KHÁNH ,Đường Nguyễn Văn Cừ,Đoạn từ đường Trần Phú đến đường Quang Trung
THÀNH PHỐ LONG KHÁNH ,Đường Nguyễn Văn Cừ,Đoạn còn lại
THÀNH PHỐ LONG KHÁNH ,Đường Quang Trung,Đoạn từ Hùng Vương đến đường Trần Huy Liệu
THÀNH PHỐ LONG KHÁNH ,Đường Quang Trung,Đoạn từ đường Trần Huy Liệu đến đường Nguyễn Thị Minh Khai
THÀNH PHỐ LONG KHÁNH ,Đường 21 Tháng 4 (Quốc lộ 1A cũ),Đoạn từ đường vào Nhà thờ Cáp Rang đến giáp đường Suối Tre - Bình Lộc
THÀNH PHỐ LONG KHÁNH ,Đường 21 Tháng 4 (Quốc lộ 1A cũ),Đoạn từ đường Suối Tre - Bình Lộc đến đường Võ Duy Dương
THÀNH PHỐ LONG KHÁNH ,Đường 21 Tháng 4 (Quốc lộ 1A cũ),Đoạn từ đường Võ Duy Dương đến giáp Công ty Cổ phần xây dựng số 2 Đồng Nai
THÀNH PHỐ LONG KHÁNH ,Đường 21 Tháng 4 (Quốc lộ 1A cũ),Đoạn từ  Công ty Cổ phần xây dựng số 2 Đồng Nai đến giáp UBND phường Xuân Bình
THÀNH PHỐ LONG KHÁNH ,Đường 21 Tháng 4 (Quốc lộ 1A cũ),Đoạn từ UBND phường Xuân Bình đến giáp tượng đài
THÀNH PHỐ LONG KHÁNH ,Đường 21 Tháng 4 (Quốc lộ 1A cũ),Đoạn từ tượng đài đến giáp cầu Gia Liêu
THÀNH PHỐ LONG KHÁNH ,Đường 21 Tháng 4 (Quốc lộ 1A cũ),Đoạn từ giáp cầu Gia Liêu đến giáp ngã ba Tân Phong
THÀNH PHỐ LONG KHÁNH ,Đường Trần Phú,Đoạn từ đường Hùng Vương đến đường Hồ Thị Hương
THÀNH PHỐ LONG KHÁNH ,Đường Trần Phú,Đoạn từ đường Hồ Thị Hương vào 200 m
THÀNH PHỐ LONG KHÁNH ,Đường Trần Phú,Đoạn tiếp theo đến giáp ranh xã Bàu Trâm
THÀNH PHỐ LONG KHÁNH ,Đường Nguyễn Trãi (đường 908 cũ),Đoạn từ ngã ba Hùng Vương đến đường Nguyễn Thị Minh Khai
THÀNH PHỐ LONG KHÁNH ,Đường Nguyễn Trãi (đường 908 cũ),Đoạn còn lại
THÀNH PHỐ LONG KHÁNH ,Đường Ngô Quyền (từ cầu Xuân Thanh đến đường Bảo Vinh - Bảo Quang),Đoạn từ đường Bảo Vinh - Bảo Quang đến đường vào nghĩa địa Bảo Sơn
THÀNH PHỐ LONG KHÁNH ,Đường Ngô Quyền (từ cầu Xuân Thanh đến đường Bảo Vinh - Bảo Quang),Đoạn từ đường vào nghĩa địa Bảo Sơn đến đường Duy Tân
THÀNH PHỐ LONG KHÁNH ,Đường Ngô Quyền (từ cầu Xuân Thanh đến đường Bảo Vinh - Bảo Quang),Đoạn từ đường Duy Tân đến đường Phạm Thế Hiển
THÀNH PHỐ LONG KHÁNH ,Đường Ngô Quyền (từ cầu Xuân Thanh đến đường Bảo Vinh - Bảo Quang),Đoạn từ đường Phạm Thế Hiển đến giáp cầu Xuân Thanh
THÀNH PHỐ LONG KHÁNH ,Đường Hồ Tùng Mậu,Đoạn từ đường Nguyễn Thị Minh Khai đến đường Hồ Thị Hương
THÀNH PHỐ LONG KHÁNH ,Đường Hồ Tùng Mậu,Đoạn từ đường Hồ Thị Hương đến đường Nguyễn Chí Thanh
THÀNH PHỐ LONG KHÁNH ,Đường Chu Văn An,Đoạn từ đường Võ Duy Dương đến đường 21 Tháng 4
THÀNH PHỐ LONG KHÁNH ,Đường Chu Văn An,Đoạn còn lại
THÀNH PHỐ LONG KHÁNH ,Đường Phạm Ngọc Thạch,Đoạn từ đường Trần Quang Diệu đến đường 21 Tháng 4
THÀNH PHỐ LONG KHÁNH ,Đường Phạm Ngọc Thạch,Đoạn từ đường 21 Tháng 4 đến đường Lương Đình Của
THÀNH PHỐ LONG KHÁNH ,Đường Tô Hiến Thành,Đoạn từ đường 21 Tháng 4 đến đường Nguyễn Văn Cừ
THÀNH PHỐ LONG KHÁNH ,Đường Tô Hiến Thành,Đoạn còn lại
THÀNH PHỐ LONG KHÁNH ,Đường Nguyễn Văn Trỗi,Đoạn qua phường Xuân Bình
THÀNH PHỐ LONG KHÁNH ,Đường Nguyễn Văn Trỗi,Đoạn từ ranh giới phường Xuân Bình đến hết khu dân cư khu phố Núi Đỏ
THÀNH PHỐ LONG KHÁNH ,Đường Nguyễn Văn Trỗi,Đoạn tiếp theo đến đường Bàu Sen
THÀNH PHỐ LONG KHÁNH ,Đường Nguyễn Trung Trực,Đoạn đầu đến đường Hồ Thị Hương
THÀNH PHỐ LONG KHÁNH ,Đường Nguyễn Trung Trực,Đoạn từ đường Hồ Thị Hương đến giáp cầu Suối Cải
THÀNH PHỐ LONG KHÁNH ,Đường Nguyễn Trung Trực,Đoạn qua phường Bảo Vinh
THÀNH PHỐ LONG KHÁNH ,Đường Quốc lộ 1,Đoạn từ giáp ranh huyện Thống Nhất đến đường vào Nhà thờ Cáp Rang
THÀNH PHỐ LONG KHÁNH ,Đường Quốc lộ 1,Đoạn từ ngã ba Tân Phong đến trạm dừng chân Lê Hoàng
THÀNH PHỐ LONG KHÁNH ,Đường Quốc lộ 1,"Đoạn từ trạm dừng chân Lê Hoàng đến giáp xã Xuân Định, huyện Xuân Lộc"
THÀNH PHỐ LONG KHÁNH ,Đường Xuân Bình - Xuân Lập (từ giáp ranh phường Xuân Bình đến giáp Bưu điện phường Xuân Lập),Đoạn từ đường Võ Duy Dương đến đường Võ Văn Tần
THÀNH PHỐ LONG KHÁNH ,Đường Xuân Bình - Xuân Lập (từ giáp ranh phường Xuân Bình đến giáp Bưu điện phường Xuân Lập),Đoạn từ đường Võ Văn Tần đến đường Bàu Sen đi Xuân Lập
THÀNH PHỐ LONG KHÁNH ,Đường Xuân Bình - Xuân Lập (từ giáp ranh phường Xuân Bình đến giáp Bưu điện phường Xuân Lập),Đoạn từ đường Bàu Sen đi Xuân Lập đến giáp ranh phường Xuân Lập
THÀNH PHỐ LONG KHÁNH ,Đường Xuân Bình - Xuân Lập (từ giáp ranh phường Xuân Bình đến giáp Bưu điện phường Xuân Lập),Đoạn qua phường Xuân Lập
THÀNH PHỐ LONG KHÁNH ,Đường Duy Tân,Đoạn từ đường Ngô Quyền đến giáp ngã ba Ông Phúc
THÀNH PHỐ LONG KHÁNH ,Đường Duy Tân,Đoạn từ ngã ba Ông Phúc đến giáp cầu 4 Thước
THÀNH PHỐ LONG KHÁNH ,Đường Hàm Nghi (đường Bảo Vinh B),Đoạn từ ngã ba Ông Phúc đến giáp cây xăng Sáu Đông
THÀNH PHỐ LONG KHÁNH ,Đường Hàm Nghi (đường Bảo Vinh B),Đoạn từ cây xăng Sáu Đông đến giáp ranh xã Bảo Quang
THÀNH PHỐ LONG KHÁNH ,Đường Lê A,Đoạn từ đường 21 Tháng 4 đến giáp ranh Khu công nghiệp Bình Lộc
THÀNH PHỐ LONG KHÁNH ,Đường Lê A,Đoạn tiếp theo đến giáp cầu Bình Lộc
THÀNH PHỐ LONG KHÁNH ,Đường Xuân Lập - Bàu Sao,Đoạn từ đường số 1 vào 500 m
THÀNH PHỐ LONG KHÁNH ,Đường Xuân Lập - Bàu Sao,Đoạn tiếp theo đến đường lô 8 đi cầu Be
THÀNH PHỐ LONG KHÁNH ,Đường Xuân Lập - Bàu Sao,"Đoạn từ đường lô 8 đi cầu Be đến ngã ba đi ấp Đồi Rìu, xã Hàng Gòn"
THÀNH PHỐ LONG KHÁNH ,Đường Suối Tre - Bình Lộc,Đoạn từ Quốc lộ 1A đến ngã tư trụ sở Nông trường cao su Bình Lộc
THÀNH PHỐ LONG KHÁNH ,Đường Suối Tre - Bình Lộc,"Đoạn từ ngã tư trụ sở Nông trường cao su Bình Lộc đến giáp ranh xã Xuân Thiện, huyện Thống Nhất"
THÀNH PHỐ LONG KHÁNH ,Đường Suối Chồn - Bàu Cối,Đoạn từ khu tái định cư đến ngã ba Suối Chồn
THÀNH PHỐ LONG KHÁNH ,Đường Suối Chồn - Bàu Cối,Đoạn từ ngã ba Suối Chồn đến giáp ranh xã Bảo Quang
THÀNH PHỐ LONG KHÁNH ,Đường Lê A ,Đoạn từ cầu Bình Lộc đến giáp ngã ba Đài tưởng niệm
THÀNH PHỐ LONG KHÁNH ,Đường Lê A ,Đoạn từ ngã ba Đài tưởng niệm đến giáp UBND xã Bình Lộc
THÀNH PHỐ LONG KHÁNH ,Đường Bình Lộc - Cây Da (từ đường Lê A đến giáp ranh huyện Định Quán) ,Đoạn từ đường Lê A đến đường Bình Lộc - Bảo Quang
THÀNH PHỐ LONG KHÁNH ,Đường Bình Lộc - Cây Da (từ đường Lê A đến giáp ranh huyện Định Quán) , Đoạn còn lại
THÀNH PHỐ LONG KHÁNH ,Đường Suối Chồn - Bàu Cối ,Đoạn từ giáp ranh phường Bảo Vinh đến Chùa Quảng Hạnh Tự
THÀNH PHỐ LONG KHÁNH ,Đường Suối Chồn - Bàu Cối ,Đoạn từ Chùa Quảng Hạnh Tự đến cơ sở Thủ Mây
THÀNH PHỐ LONG KHÁNH ,Đường Suối Chồn - Bàu Cối ,Đoạn từ cơ sở Thủ Mây đến giáp ranh xã Xuân Bắc
THÀNH PHỐ LONG KHÁNH ,Đường Bảo Quang - Bàu Cối (đường 18 Gia Đình - Bàu Cối cũ),Đoạn từ UBND xã Bảo Quang đến ngã ba tiếp giáp đường Bảo Vinh - Bảo Quang
THÀNH PHỐ LONG KHÁNH ,Đường Bảo Quang - Bàu Cối (đường 18 Gia Đình - Bàu Cối cũ),Đoạn từ ngã ba tiếp giáp đường Bảo Vinh - Bảo Quang đến đường Suối Chồn - Bàu Cối
THÀNH PHỐ LONG KHÁNH ,Đường Điểu Xiển (Bàu Trâm 1) ,Đoạn từ đường Ngô Quyền vào 200 m
THÀNH PHỐ LONG KHÁNH ,Đường Điểu Xiển (Bàu Trâm 1) ,Đoạn tiếp theo từ trên 200 m đến ngã ba đi Miếu Bà
THÀNH PHỐ LONG KHÁNH ,Đường Điểu Xiển (Bàu Trâm 1) ,Đoạn còn lại (cách ngã ba đi Miếu Bà hướng cầu Hòa Bình 800 m)
THÀNH PHỐ LONG KHÁNH ,Đường Bàu Trâm 1 (tiếp theo đường Điểu Xiển đến giáp ranh xã Xuân Phú),Đoạn tiếp theo đường Điểu Xiển đến ngã ba cầu Hòa Bình
THÀNH PHỐ LONG KHÁNH ,Đường Bàu Trâm 1 (tiếp theo đường Điểu Xiển đến giáp ranh xã Xuân Phú),Đoạn từ ngã ba cầu Hòa Bình đến giáp xã ranh Xuân Phú
THÀNH PHỐ LONG KHÁNH ,Đường Xuân Tân - Hàng Gòn ,Đoạn từ Quốc lộ 56 đến giáp cầu Thầy Tư
THÀNH PHỐ LONG KHÁNH ,Đường Xuân Tân - Hàng Gòn ,"Đoạn từ cầu Thầy Tư đến giáp ranh xã Xuân Quế, huyện Cẩm Mỹ "
THÀNH PHỐ LONG KHÁNH ,Đường Hàng Gòn - Xuân Quế ,Đoạn từ Nhà máy mủ đến ngã ba đường đi Xuân Quế
THÀNH PHỐ LONG KHÁNH ,Đường Hàng Gòn - Xuân Quế ,Đoạn từ ngã ba đường đi Xuân Quế đến hết ranh giới xã Hàng Gòn
THÀNH PHỐ LONG KHÁNH ,Đường Hồng Thập Tự,Đoạn từ đường Xuân Bình-Xuân Lập đến giáp đường 21 tháng 4
THÀNH PHỐ LONG KHÁNH ,Đường Hùng Vương,Đoạn từ đường 21 tháng 4 đến đường Cách mạng tháng
THÀNH PHỐ LONG KHÁNH ,Đường Trần Phú,Đoạn từ đường Hồ Thị Hương vào 200m
THÀNH PHỐ LONG KHÁNH ,Đường Xuân Lập - Bàu Sao,Đoạn từ đường số 1 vào 500m
THÀNH PHỐ LONG KHÁNH ,Đường Xuân Lập - Bàu Sao,Đoạn từ đường lô 8 đi cầu Be đến ngã ba đi ấp Đồi Rìu xã Hàng Gòn
THÀNH PHỐ LONG KHÁNH ,Đường Suối Tre - Bình Lộc,Đoạn từ ngã tư trụ sở Nông trường cao su Bình Lộc đến giáp ranh xã Xuân Thiện huyện Thống Nhất
THÀNH PHỐ LONG KHÁNH ,Đường Điểu Xiển (Bàu Trâm 1),Đoạn từ đường Ngô Quyền vào 200m
THÀNH PHỐ LONG KHÁNH ,Đường Điểu Xiển (Bàu Trâm 1),Đoạn tiếp theo từ trên 200m đến ngã ba đi Miếu Bà
THÀNH PHỐ LONG KHÁNH ,Đường Điểu Xiển (Bàu Trâm 1),Đoạn còn lại (cách ngã ba đi Miếu Bà hướng cầu Hòa Bình 800m)
THÀNH PHỐ LONG KHÁNH ,Đường Xuân Tân - Hàng Gòn,Đoạn từ cầu Thầy Tư đến giáp ranh xã Xuân Quế huyện Cẩm Mỹ
THÀNH PHỐ LONG KHÁNH ,Đường 21 tháng 4 (Quốc lộ 1 A cũ),Đoạn từ đường vào nhà thờ Cáp Rang đến giáp đường Suối Tre - Bình Lộc
THÀNH PHỐ LONG KHÁNH ,Đường 21 tháng 4 (Quốc lộ 1 A cũ),Đoạn từ đường Suối Tre - Bình Lộc đến đường Võ Duy Dương
THÀNH PHỐ LONG KHÁNH ,Đường 21 tháng 4 (Quốc lộ 1 A cũ),Đoạn từ đường Võ Duy Dương đến giáp Công ty cổ phần xây dựng số 2 Đồng Nai
THÀNH PHỐ LONG KHÁNH ,Đường 21 tháng 4 (Quốc lộ 1 A cũ),Đoạn từ Công ty cổ phần xây dựng số 2 Đồng Nai đến giáp UBND phường Xuân Bình
THÀNH PHỐ LONG KHÁNH ,Đường 21 tháng 4 (Quốc lộ 1 A cũ),Đoạn từ UBND phường Xuân Bình đến giáp tượng đài
THÀNH PHỐ LONG KHÁNH ,Đường 21 tháng 4 (Quốc lộ 1 A cũ),Đoạn từ tượng đài đến giáp Cầu Gia Liêu
THÀNH PHỐ LONG KHÁNH ,Đường 21 tháng 4 (Quốc lộ 1 A cũ),Đoạn từ giáp cầu Gia Liêu đến giáp ngã ba Tân Phong
